model_path,Silhouette Score,Davies-Bouldin Index,Calinski-Harabasz Index,WCSS
results/task2/model/clusters_1739899425.pkl,0.5140848,0.567672467209189,569.302276010268,101451.5results/task2/model/clusters_1741704271.pkl,0.5140848,0.567672467209189,569.302276010268,101451.5
results/task2/model/clusters_1741704408.pkl,0.5140848,0.567672467209189,569.302276010268,101451.5
