model_path,model,tp,fp,tn,fn,accuracy,precision,recall,f1-score
results/task3/model/1739939551.pth,"[10, 2, 3, 8]","[2, 5, 2, 1]","[21, 22, 22, 24]","[0, 4, 6, 0]",0.696969696969697,0.651984126984127,0.6666666666666666,0.646632778936961
