model_path,model,tp,fp,tn,fn,accuracy,precision,recall,f1-score
results/task3/model/1741527870.pth,"[11, 8, 8, 9]","[2, 4, 2, 0]","[31, 29, 31, 33]","[0, 3, 3, 2]",0.8181818181818182,0.8282051282051281,0.8181818181818182,0.8185559005713817
